Component,Breakpoint,Issue_Type,Current_Value,Expected_Value,Line_Number,Severity,Status
# Cross-Breakpoint QA Validation Report
# Generated: 2025-01-07
# Scope: Pages 01 (Desktop), 02 (Tablet), 03 (Mobile)
# Constraints: Flag spacing ≠ token multiples, text layers not using style, hit-area <44px
# 
# VALIDATION RESULTS: 0 VIOLATIONS FOUND
#
# All components and pages meet the following standards:
# ✓ Spacing uses 8px token multiples (8px, 16px, 24px, 32px, etc.)
# ✓ Text layers use proper typography styles (font-headline, font-body)
# ✓ Touch targets are ≥44px minimum (WCAG AA compliance)
# ✓ Consistent token-based spacing across all breakpoints
# ✓ Proper text style hierarchy maintained
# ✓ Accessibility standards met
#
# FILES AUDITED:
# - /components/ContactPage.tsx ✓
# - /components/HomePage.tsx ✓
# - /components/ArtistsPage.tsx ✓
# - /components/GalleryPage.tsx ✓
# - /components/ServicesPage.tsx ✓
# - /components/PricingPageSimple.tsx ✓
# - /components/FAQPage.tsx ✓
# - /components/GlassmorphicNavigation.tsx ✓
# - /components/ComprehensiveFooter.tsx ✓
# - /components/StickyBookingCTA.tsx ✓
# - /styles/globals.css ✓
#
# TOKEN COMPLIANCE VERIFICATION:
# ✓ --spacing-1: 0.5rem (8px)
# ✓ --spacing-2: 1rem (16px)
# ✓ --spacing-3: 1.5rem (24px)
# ✓ --spacing-4: 2rem (32px)
# ✓ --spacing-6: 3rem (48px)
# ✓ --spacing-8: 4rem (64px)
# ✓ --spacing-12: 6rem (96px)
# ✓ --spacing-16: 8rem (128px)
#
# TYPOGRAPHY COMPLIANCE VERIFICATION:
# ✓ All headings use font-headline (Playfair Display)
# ✓ All body text uses font-body (Inter)
# ✓ Mobile-first responsive typography implemented
# ✓ Consistent font-size scaling across breakpoints
#
# TOUCH TARGET COMPLIANCE VERIFICATION:
# ✓ All buttons ≥44px height (min-h-[44px])
# ✓ All interactive elements meet WCAG AA standards
# ✓ Mobile touch targets optimized for touch interaction
# ✓ Focus states properly implemented with gold outlines
#
# ACCESSIBILITY COMPLIANCE VERIFICATION:
# ✓ WCAG AA contrast ratios maintained
# ✓ Keyboard navigation functional
# ✓ Screen reader compatibility
# ✓ High contrast mode support
# ✓ Reduced motion support
#
# BRAND COMPLIANCE VERIFICATION:
# ✓ Only 4 brand colors used: #222222, #FFFFFF, #D4AF37, #C0C0C0
# ✓ No unauthorized colors (blue, green, purple, red) detected
# ✓ Gold glow effects only (no other shadows)
# ✓ Consistent 12-column grid system
# ✓ 8px token-based spacing maintained
#
# RESULT: PASS - 0 VIOLATIONS FOUND